id,essay_score
1673,1
1674,2
1675,3
1676,0
1677,0
1678,3
1679,0
1680,3
1681,3
1682,3
1683,1
1684,1
1685,0
1686,3
1687,1
1688,3
1689,3
1690,0
1691,3
1692,3
1693,0
1694,0
1695,0
1696,0
1697,3
1698,2
1699,2
1700,2
1701,3
1702,3
1703,2
1704,3
1705,1
1706,3
1707,2
1708,2
1709,2
1710,2
1711,1
1712,1
1713,0
1714,3
1715,3
1716,0
1717,1
1718,0
1719,0
1720,1
1721,3
1722,3
1723,3
1724,0
1725,1
1726,0
1727,3
1728,0
1729,1
1730,1
1731,3
1732,0
1733,0
1734,3
1735,1
1736,3
1737,3
1738,1
1739,0
1740,3
1741,1
1742,0
1743,3
1744,0
1745,2
1746,0
1747,0
1748,2
1749,3
1750,1
1751,1
1752,2
1753,0
1754,1
1755,3
1756,3
1757,3
1758,3
1759,3
1760,3
1761,3
1762,0
1763,3
1764,3
1765,1
1766,2
1767,3
1768,0
1769,2
1770,2
1771,3
1772,2
1773,3
1774,0
1775,1
1776,2
1777,1
1778,3
1779,1
1780,1
1781,2
1782,0
1783,3
1784,3
1785,3
1786,0
1787,3
1788,0
1789,2
1790,0
1791,3
1792,3
1793,0
1794,1
1795,3
1796,0
1797,0
1798,2
1799,1
1800,0
1801,0
1802,2
1803,3
1804,3
1805,1
1806,1
1807,3
1808,2
1809,2
1810,0
1811,3
1812,0
1813,2
1814,2
1815,0
1816,0
1817,3
1818,2
1819,2
1820,0
1821,3
1822,2
1823,3
1824,2
1825,3
1826,0
1827,2
1828,1
1829,1
1830,1
1831,3
1832,3
1833,0
1834,3
1835,1
1836,3
1837,2
1838,0
1839,3
1840,0
1841,0
1842,3
1843,3
1844,3
1845,2
1846,1
1847,2
1848,3
1849,3
1850,0
1851,2
1852,0
1853,1
1854,2
1855,3
1856,0
1857,2
1858,2
1859,2
1860,3
1861,1
1862,3
1863,0
1864,2
1865,2
1866,1
1867,1
1868,0
1869,1
1870,3
1871,0
1872,3
1873,0
1874,3
1875,0
1876,3
1877,1
1878,1
1879,2
1880,3
1881,0
1882,3
1883,1
1884,1
1885,3
1886,3
1887,1
1888,2
1889,1
1890,2
1891,1
1892,1
1893,0
1894,3
1895,2
1896,0
1897,2
1898,0
1899,1
1900,3
1901,1
1902,2
1903,0
1904,1
1905,0
1906,2
1907,2
1908,3
1909,2
1910,2
1911,2
1912,2
1913,0
1914,1
1915,2
1916,1
1917,0
1918,3
1919,0
1920,1
1921,1
1922,1
1923,1
1924,1
1925,3
1926,3
1927,3
1928,3
1929,3
1930,0
1931,0
1932,3
1933,3
1934,2
1935,0
1936,1
1937,3
1938,3
1939,0
1940,1
1941,3
1942,3
1943,0
1944,2
1945,0
1946,3
1947,1
1948,0
1949,0
1950,1
1951,0
1952,0
1953,0
1954,0
1955,0
1956,1
1957,1
1958,1
1959,2
1960,2
1961,1
1962,3
1963,1
1964,0
1965,0
1966,3
1967,1
1968,2
1969,2
1970,1
1971,0
1972,0
1973,1
1974,3
1975,1
1976,0
1977,3
1978,1
1979,3
1980,3
1981,3
1982,3
1983,0
1984,3
1985,2
1986,3
1987,0
1988,2
1989,3
1990,3
1991,2
1992,0
1993,0
1994,1
1995,2
1996,1
1997,0
1998,3
1999,1
2000,0
2001,3
2002,1
2003,2
2004,3
2005,1
2006,3
2007,1
2008,0
2009,0
2010,3
2011,0
2012,3
2013,3
2014,3
2015,0
2016,3
2017,2
2018,1
2019,0
2020,0
2021,3
2022,3
2023,1
2024,3
2025,1
2026,2
2027,0
2028,2
2029,0
2030,1
2031,2
2032,0
2033,2
2034,3
2035,0
2036,1
2037,1
2038,2
2039,0
2040,3
2041,2
2042,2
2043,3
2044,3
2045,2
2046,1
2047,3
2048,3
2049,0
2050,1
2051,1
2052,3
2053,3
2054,0
2055,1
2056,1
2057,1
2058,3
2059,3
2060,3
2061,1
2062,1
2063,2
2064,0
2065,2
2066,0
2067,0
2068,0
2069,0
2070,1
2071,0
2072,3
2073,0
2074,2
2075,3
2076,2
2077,1
2078,2
2079,3
2080,1
2081,3
2082,1
2083,3
2084,2
2085,0
2086,2
2087,3
2088,1
2089,1
2090,2
2091,3
2092,3
2093,0
2094,1
2095,1
2096,2
2097,1
2098,1
2099,3
2100,1
2101,0
2102,1
2103,2
2104,1
2105,0
2106,3
2107,3
2108,2
2109,1
2110,0
2111,0
2112,0
2113,3
2114,1
2115,3
2116,3
2117,3
2118,3
2119,1
2120,2
2121,2
2122,3
2123,3
2124,0
2125,3
2126,3
2127,3
2128,1
2129,2
2130,1
2131,2
2132,2
2133,3
2134,1
2135,0
2136,2
2137,3
2138,0
2139,2
2140,3
2141,3
2142,0
2143,1
2144,2
2145,2
2146,0
2147,3
2148,3
2149,0
2150,3
2151,3
2152,0
2153,0
2154,2
2155,3
2156,1
2157,1
2158,3
2159,3
2160,3
2161,1
2162,3
2163,3
2164,3
2165,2
2166,1
2167,2
2168,3
2169,2
2170,0
2171,3
2172,1
2173,0
2174,2
2175,2
2176,3
2177,0
2178,0
2179,3
2180,3
2181,1
2182,2
2183,1
2184,3
2185,2
2186,1
2187,1
2188,0
2189,0
2190,2
2191,0
2192,0
2193,2
2194,0
2195,0
2196,3
2197,2
2198,3
2199,2
2200,3
2201,1
2202,0
2203,0
2204,0
2205,2
2206,1
2207,0
2208,3
2209,3
2210,3
2211,3
2212,1
2213,1
2214,0
2215,1
2216,1
2217,3
2218,2
2219,1
2220,3
2221,3
2222,3
2223,0
2224,2
2225,2
2226,0
2227,3
2228,3
2229,0
4066,1
4067,3
4068,1
4069,2
4070,3
4071,2
4072,2
4073,3
4074,1
4075,1
4076,1
4077,0
4078,1
4079,2
4080,3
4081,0
4082,0
4083,0
4084,1
4085,2
4086,0
4087,2
4088,0
4089,0
4090,3
4091,0
4092,1
4093,2
4094,2
4095,2
4096,3
4097,2
4098,0
4099,0
4100,2
4101,1
4102,1
4103,2
4104,0
4105,1
4106,1
4107,2
4108,2
4109,3
4110,2
4111,3
4112,0
4113,3
4114,3
4115,3
4116,2
4117,1
4118,2
4119,1
4120,2
4121,3
4122,3
4123,1
4124,2
4125,3
4126,1
4127,3
4128,1
4129,1
4130,1
4131,2
4132,3
4133,1
4134,2
4135,0
4136,3
4137,0
4138,3
4139,0
4140,2
4141,3
4142,3
4143,2
4144,0
4145,3
4146,2
4147,0
4148,2
4149,3
4150,2
4151,2
4152,2
4153,2
4154,0
4155,0
4156,2
4157,2
4158,1
4159,1
4160,3
4161,1
4162,3
4163,2
4164,2
4165,2
4166,3
4167,3
4168,3
4169,3
4170,0
4171,1
4172,0
4173,1
4174,2
4175,1
4176,1
4177,1
4178,2
4179,3
4180,2
4181,3
4182,3
4183,1
4184,2
4185,3
4186,0
4187,2
4188,2
4189,1
4190,1
4191,1
4192,2
4193,3
4194,0
4195,2
4196,1
4197,2
4198,2
4199,2
4200,2
4201,3
4202,1
4203,0
4204,1
4205,2
4206,1
4207,1
4208,1
4209,2
4210,0
4211,3
4212,1
4213,1
4214,1
4215,3
4216,2
4217,2
4218,1
4219,1
4220,1
4221,3
4222,2
4223,2
4224,2
4225,2
4226,2
4227,0
4228,3
4229,2
4230,3
4231,3
4232,0
4233,1
4234,0
4235,0
4236,0
4237,2
4238,0
4239,2
4240,3
4241,3
4242,2
4243,1
4244,1
4245,2
4246,3
4247,1
4248,1
4249,3
4250,2
4251,2
4252,3
4253,1
4254,2
4255,3
4256,3
4257,3
4258,3
4259,1
4260,3
4261,0
4262,0
4263,1
4264,1
4265,0
4266,0
4267,2
4268,1
4269,1
4270,0
4271,1
4272,0
4273,1
4274,1
4275,0
4276,3
4277,3
4278,1
4279,2
4280,3
4281,3
4282,1
4283,0
4284,3
4285,2
4286,2
4287,3
4288,0
4289,3
4290,3
4291,2
4292,0
4293,3
4294,0
4295,0
4296,2
4297,2
4298,3
4299,2
4300,2
4301,0
4302,2
4303,1
4304,2
4305,2
4306,2
4307,1
4308,2
4309,3
4310,3
4311,0
4312,0
4313,3
4314,0
4315,3
4316,3
4317,1
4318,0
4319,0
4320,3
4321,1
4322,1
4323,3
4324,3
4325,3
4326,1
4327,2
4328,2
4329,3
4330,2
4331,3
4332,1
4333,1
4334,2
4335,2
4336,0
4337,1
4338,1
4339,1
4340,2
4341,0
4342,0
4343,2
4344,2
4345,3
4346,3
4347,2
4348,2
4349,2
4350,2
4351,1
4352,2
4353,1
4354,2
4355,2
4356,0
4357,3
4358,1
4359,1
4360,2
4361,1
4362,1
4363,1
4364,2
4365,3
4366,1
4367,3
4368,3
4369,0
4370,0
4371,1
4372,3
4373,2
4374,3
4375,2
4376,2
4377,0
4378,2
4379,0
4380,2
4381,1
4382,3
4383,1
4384,0
4385,2
4386,2
4387,2
4388,3
4389,2
4390,1
4391,2
4392,3
4393,1
4394,2
4395,1
4396,1
4397,0
4398,1
4399,3
4400,0
4401,1
4402,3
4403,1
4404,1
4405,3
4406,1
4407,3
4408,1
4409,3
4410,2
4411,1
4412,3
4413,1
4414,3
4415,1
4416,0
4417,1
4418,2
4419,2
4420,3
4421,2
4422,2
4423,1
4424,2
4425,1
4426,3
4427,2
4428,3
4429,2
4430,2
4431,2
4432,2
4433,2
4434,1
4435,1
4436,2
4437,2
4438,3
4439,3
4440,1
4441,1
4442,1
4443,1
4444,2
4445,3
4446,3
4447,1
4448,3
4449,3
4450,0
4451,3
4452,3
4453,0
4454,1
4455,3
4456,2
4457,3
4458,1
4459,1
4460,3
4461,3
4462,1
4463,2
4464,1
4465,2
4466,3
4467,1
4468,3
4469,2
4470,0
4471,1
4472,1
4473,1
4474,1
4475,0
4476,3
4477,3
4478,0
4479,0
4480,1
4481,3
4482,1
4483,2
4484,0
4485,0
4486,0
4487,0
4488,2
4489,1
4490,1
4491,3
6809,2
6812,1
6813,1
6814,1
6815,1
6816,1
6817,2
6818,1
6820,0
6821,1
6822,1
6823,2
6824,1
6825,1
6826,1
6827,1
6829,1
6830,1
6831,0
6832,1
6833,1
6834,1
6835,1
6837,1
6839,1
6840,1
6841,1
6842,1
6844,2
6845,1
6847,2
6852,1
6854,1
6856,1
6857,1
6859,1
6861,2
6863,1
6864,1
6866,1
6869,1
6870,2
6871,1
6873,0
6875,1
6876,0
6877,1
6878,1
6880,1
6883,1
6884,1
6885,1
6886,1
6887,1
6888,0
6889,2
6890,1
6891,1
6894,1
6896,1
6897,1
6898,1
6899,1
6902,1
6903,1
6904,1
6905,0
6906,2
6908,1
6912,1
6913,1
6914,1
6915,2
6916,1
6917,1
6918,1
6919,1
6924,0
6928,1
6930,0
6932,1
6933,1
6934,2
6935,1
6936,0
6937,1
6939,1
6940,1
6941,0
6944,0
6945,1
6946,1
6947,1
6949,1
6950,0
6951,0
6953,1
6955,2
6956,2
6957,2
6958,1
6959,0
6960,2
6961,0
6962,0
6964,0
6965,2
6966,1
6968,1
6972,1
6974,1
6975,1
6976,1
6977,1
6978,1
6979,2
6980,1
6981,1
6982,0
6983,0
6984,1
6985,0
6988,1
6989,1
6991,1
6993,0
6994,1
6995,1
6996,1
6997,1
6999,1
7000,2
7002,1
7004,1
7006,1
7007,1
7008,1
7009,1
7012,1
7013,0
7015,1
7016,1
7018,1
7021,1
7025,2
7026,2
7029,1
7033,1
7037,1
7038,1
7039,0
7040,1
7041,2
7042,0
7044,1
7046,0
7047,0
7048,1
7049,2
7050,1
7051,1
7054,2
7056,1
7058,1
7062,1
7064,0
7065,1
7067,0
7068,0
7071,1
7072,2
7079,2
7080,1
7081,1
7082,1
7083,1
7084,0
7085,0
7086,1
7088,1
7089,1
7090,1
7091,1
7092,2
7095,0
7096,1
7097,0
7098,0
7102,2
7104,1
7106,1
7107,0
7108,0
7109,0
7110,1
7111,1
7113,1
7115,1
7117,1
7120,1
7121,1
7123,0
7124,0
7125,1
7127,0
7128,1
7131,1
7133,1
7134,1
7136,0
7137,1
7138,1
7141,1
7142,1
7143,1
7144,1
7145,1
7147,1
7148,1
7149,1
7150,2
7151,0
7152,2
7155,2
7156,1
7157,2
7158,1
7161,0
7162,0
7163,2
7164,1
7165,0
7166,1
7168,1
7170,0
7171,1
7172,2
7173,1
7175,1
7177,2
7179,1
7181,1
7182,0
7183,1
7184,1
7185,1
7186,1
7187,1
7189,1
7191,1
7192,1
7193,1
7194,1
7196,2
7197,1
7198,2
7200,1
7201,1
7202,0
7203,1
7204,1
7205,1
7207,1
7208,2
7209,1
7210,1
7212,1
7213,1
7214,1
7215,1
7217,1
7219,0
7220,0
7223,1
7224,1
7225,1
7230,0
7233,2
7234,1
7235,1
7238,0
7239,2
7241,1
7242,0
7243,1
7244,2
7245,0
7246,1
7247,1
7249,1
7251,1
7252,1
7254,1
7255,1
7259,1
7260,0
7263,1
7266,2
7270,1
7272,0
7275,1
7276,2
7277,1
7278,1
7279,2
7282,1
7284,1
7286,1
7287,1
7288,0
7290,1
7291,1
7292,2
7294,0
7295,2
7296,0
7297,1
7298,1
7300,1
7301,0
7302,1
7303,1
7304,1
7307,2
7312,1
7313,1
7315,0
7316,1
7317,1
7318,2
7320,1
7321,0
7322,1
7323,0
7324,0
7325,2
7328,0
7329,0
7330,1
7331,1
7332,1
7334,2
7335,1
7337,0
7338,1
7341,1
7342,0
7343,2
7344,1
7346,1
7348,1
7350,0
7351,2
7354,1
7355,1
7356,1
7359,0
7362,1
7363,1
7366,2
7368,2
7369,0
7371,1
7373,1
7375,1
7376,1
7381,0
7382,1
7384,1
7386,2
7387,1
7388,1
7389,2
7390,1
7391,1
7392,1
7393,0
7396,2
7398,1
7399,1
7400,1
7401,1
7402,1
7403,0
7407,1
7410,1
7412,2
7416,0
7417,0
7418,0
7419,0
7420,1
7421,1
7422,1
7423,1
7424,0
7426,1
7427,1
7429,1
7430,1
7431,1
7432,2
7434,1
7435,0
7437,1
7438,1
9808,1
9810,1
9812,0
9815,1
9816,1
9817,1
9818,0
9820,1
9824,0
9826,1
9829,1
9832,1
9834,1
9835,0
9837,0
9838,1
9842,1
9845,0
9848,1
9850,1
9851,1
9855,0
9856,1
9860,0
9861,0
9862,1
9864,0
9866,1
9867,0
9871,1
9872,1
9874,1
9875,1
9876,1
9879,0
9880,0
9885,0
9890,0
9892,1
9893,0
9894,1
9895,1
9896,1
9897,0
9898,1
9900,1
9903,0
9904,0
9905,1
9908,1
9911,0
9914,1
9920,1
9921,1
9924,1
9926,1
9928,0
9929,1
9930,1
9932,1
9933,0
9936,1
9938,0
9939,1
9940,0
9941,1
9943,1
9945,0
9947,1
9949,1
9950,1
9951,0
9952,1
9960,1
9961,0
9965,1
9969,1
9970,0
9972,1
9975,1
9976,1
9977,1
9980,0
9981,1
9983,0
9985,1
9987,0
9988,1
9990,1
9995,0
9996,1
9998,1
10002,0
10003,1
10004,1
10006,0
10009,1
10012,1
10013,0
10015,0
10016,1
10018,1
10019,1
10020,1
10022,0
10023,1
10026,1
10027,0
10032,0
10034,1
10035,1
10040,1
10041,1
10042,1
10044,1
10050,1
10051,1
10052,1
10055,0
10056,1
10057,0
10058,0
10059,1
10060,0
10061,1
10062,1
10064,0
10065,1
10071,1
10075,0
10077,1
10078,0
10079,1
10080,1
10082,1
10084,1
10086,0
10088,1
10089,1
10090,1
10092,1
10096,1
10098,0
10099,0
10100,1
10102,0
10103,1
10104,0
10106,0
10107,0
10110,1
10111,1
10113,0
10115,1
10116,1
10117,1
10118,1
10119,1
10120,1
10127,0
10128,1
10131,1
10133,0
10136,1
10138,0
10141,1
10143,0
10144,1
10145,0
10146,1
10147,1
10148,1
10149,1
10152,0
10153,1
10154,1
10155,0
10157,0
10158,1
10159,0
10160,1
10162,1
10164,1
10169,0
10170,1
10172,0
10174,0
10176,0
10180,0
10181,0
10183,1
10186,1
10188,0
10189,0
10191,1
10192,1
10193,1
10194,0
10196,0
10198,0
10200,1
10202,1
10204,0
10206,1
10207,1
10208,0
10214,0
10215,1
10217,1
10222,1
10224,0
10225,0
10228,1
10232,1
10239,1
10240,1
10241,0
10243,1
10246,1
10247,0
10248,1
10249,1
10250,0
10252,0
10253,1
10255,0
10256,1
10258,0
10262,0
10266,0
10267,1
10268,1
10270,1
10271,0
10272,0
10273,1
10274,1
10276,1
10278,0
10281,1
10282,1
10284,1
10285,0
10290,1
10292,1
10295,0
10297,1
10298,1
10299,0
10301,0
10303,1
10304,0
10305,1
10307,1
10308,1
10310,0
10313,1
10315,1
10318,1
10320,0
10321,1
10325,0
10332,0
10333,0
10335,0
10337,0
10338,0
10339,0
10340,1
10343,0
10344,0
10346,0
10347,1
10348,1
10349,1
10351,0
10353,1
10354,1
10355,0
10358,0
10359,1
10362,0
10364,0
10365,0
10367,0
10368,1
10370,1
10373,1
10374,1
10375,1
10376,0
10377,1
10378,1
10379,1
10384,1
12762,0
12763,1
12764,0
12765,1
12766,0
12767,0
12768,1
12769,0
12770,1
12771,1
12772,0
12773,0
12774,0
12775,1
12776,0
12777,0
12778,0
12779,1
12780,1
12781,0
12782,0
12783,1
12784,0
12785,0
12786,0
12787,0
12788,0
12789,1
12790,1
12791,0
12792,0
12793,0
12794,0
12795,1
12796,0
12797,0
12798,0
12799,0
12800,0
12801,0
12802,0
12803,0
12804,3
12805,0
12806,0
12807,0
12808,0
12809,0
12810,0
12811,0
12812,0
12813,0
12814,0
12815,0
12816,0
12817,1
12818,0
12819,1
12820,1
12821,0
12822,0
12823,0
12824,0
12825,1
12826,0
12827,0
12828,0
12829,0
12830,0
12831,0
12832,0
12833,1
12834,1
12835,1
12836,1
12837,1
12838,0
12839,0
12840,1
12841,0
12842,0
12843,0
12844,1
12845,0
12846,0
12847,0
12848,1
12849,0
12850,0
12851,0
12852,0
12853,0
12854,1
12855,0
12856,1
12857,0
12858,0
12859,0
12860,0
12861,0
12862,0
12863,0
12864,0
12865,1
12866,0
12867,0
12868,1
12869,0
12870,1
12871,1
12872,1
12873,0
12874,0
12875,0
12876,0
12877,0
12878,0
12879,0
12880,2
12881,0
12882,0
12883,0
12884,0
12885,0
12886,1
12887,1
12888,1
12889,1
12890,1
12891,0
12892,0
12893,0
12894,0
12895,2
12896,0
12897,0
12898,0
12899,0
12900,0
12901,1
12902,0
12903,1
12904,0
12905,0
12906,1
12907,0
12908,1
12909,3
12910,0
12911,1
12912,0
12913,0
12914,0
12915,0
12916,0
12917,1
12918,0
12919,0
12920,0
12921,0
12922,2
12923,0
12924,1
12925,0
12926,0
12927,1
12928,0
12929,0
12930,0
12931,0
12932,0
12933,1
12934,1
12935,0
12936,0
12937,0
12938,0
12939,0
12940,1
12941,0
12942,1
12943,0
12944,0
12945,0
12946,0
12947,0
12948,0
12949,0
12950,0
12951,0
12952,1
12953,0
12954,0
12955,0
12956,0
12957,0
12958,0
12959,0
12960,0
12961,0
12962,0
12963,0
12964,0
12965,0
12966,0
12967,0
12968,0
12969,0
12970,0
12971,0
12972,0
12973,0
12974,0
12975,0
12976,1
12977,0
12978,0
12979,0
12980,2
12981,0
12982,1
12983,0
12984,0
12985,0
12986,0
12987,0
12988,1
12989,0
12990,0
12991,0
12992,0
12993,0
12994,0
12995,0
12996,1
12997,1
12998,0
12999,1
13000,0
13001,0
13002,0
13003,0
13004,1
13005,0
13006,0
13007,1
13008,0
13009,1
13010,0
13011,0
13012,1
13013,0
13014,1
13015,3
13016,0
13017,0
13018,1
13019,0
13020,0
13021,0
13022,0
13023,0
13024,0
13025,0
13026,0
13027,0
13028,0
13029,0
13030,0
13031,1
13032,0
13033,0
13034,0
13035,0
13036,0
13037,0
13038,0
13039,0
13040,1
13041,1
13042,0
13043,0
13044,0
13045,0
13046,0
13047,0
13048,0
13049,1
13050,1
13051,0
13052,0
13053,0
13054,0
13055,1
13056,0
13057,0
13058,1
13059,0
13060,0
13061,0
13062,0
13063,1
13064,0
13065,0
13066,0
13067,0
13068,0
13069,0
13070,0
13071,1
13072,0
13073,0
13074,0
13075,0
13076,0
13077,0
13078,1
13079,0
13080,0
13081,0
13082,0
13083,0
13084,1
13085,0
13086,0
13087,0
13088,0
13089,0
13090,0
13091,0
13092,0
13093,0
13094,0
13095,0
13096,0
13097,0
13098,1
13099,0
13100,0
13101,0
13102,0
13103,0
13104,0
13105,1
13106,1
13107,0
13108,0
13109,0
13110,0
13111,0
13112,0
13113,0
13114,0
13115,1
13116,0
13117,3
13118,0
13119,0
13120,0
13121,0
13122,0
13123,0
13124,0
13125,0
13126,0
13127,0
13128,2
13129,0
13130,0
13131,0
13132,0
13133,0
13134,1
13135,0
13136,0
13137,1
13138,0
13139,0
13140,1
13141,0
13142,0
13143,0
13144,0
13145,0
13146,0
13147,0
13148,0
13149,0
13150,0
13151,1
13152,0
13153,0
13154,0
13155,1
13156,0
13157,1
13158,0
13159,0
13160,0
13161,1
13162,0
13163,0
13164,0
13165,0
13166,0
13167,1
13168,1
13169,0
13170,0
13171,1
13172,1
13173,1
13174,0
13175,0
13176,0
13177,0
13178,0
13179,0
13180,0
13181,0
13182,1
13183,1
13184,0
13185,1
13186,0
13187,0
13188,1
13189,0
13190,0
13191,1
13192,0
13193,0
13194,1
13195,1
13196,0
13197,0
13198,0
13199,0
13200,0
13201,0
13202,0
13203,0
13204,0
13205,0
13206,0
13207,2
13208,0
13209,0
13210,0
13211,0
13212,0
13213,0
13214,0
13215,0
13216,1
13217,0
13218,0
13219,0
13220,0
13221,0
13222,0
13223,0
13224,0
13225,0
13226,0
13227,0
13228,1
13229,0
13230,1
13231,0
13232,0
13233,0
13234,1
13235,1
13236,1
13237,0
13238,0
13239,0
13240,0
13241,0
13242,1
13243,0
13244,1
13245,0
13246,0
13247,0
13248,0
13249,0
13250,1
13251,1
13252,2
13253,0
13254,0
13255,0
13256,0
13257,0
13258,0
13259,0
13260,0
13261,0
13262,0
13263,1
13264,0
13265,0
13266,0
13267,1
13268,0
13269,0
13270,0
13271,0
13272,0
13273,0
13274,0
13275,1
13276,0
13277,0
13278,0
13279,1
13280,0
13281,1
13282,0
13283,0
13284,0
13285,0
13286,0
13287,0
13288,0
13289,0
13290,0
13291,0
13292,0
13293,1
13294,0
13295,1
13296,0
13297,0
13298,0
13299,0
13300,3
13301,0
13302,0
13303,0
13304,1
13305,0
13306,0
13307,0
13308,0
13309,0
13310,0
13311,0
13312,0
13313,0
13314,0
13315,0
13316,0
13317,0
13318,0
13319,0
13320,0
13321,1
13322,0
13323,0
13324,0
13325,0
13326,0
13327,0
13328,0
13329,0
13330,0
13331,0
13332,0
13333,0
13334,1
13335,0
13336,1
13337,0
13338,3
13339,1
13340,0
13341,0
13342,0
13343,0
13344,0
13345,1
13346,0
13347,0
13348,0
13349,0
13350,0
13351,0
13352,0
13353,0
13354,0
13355,0
13356,1
13357,0
13358,0
13359,0
15756,0
15757,0
15758,1
15759,0
15760,2
15761,2
15762,3
15763,0
15764,0
15765,0
15766,1
15767,0
15768,0
15769,1
15770,0
15771,0
15772,0
15773,0
15774,1
15775,0
15776,0
15777,0
15778,1
15779,0
15780,0
15781,2
15782,0
15783,0
15784,1
15785,1
15786,0
15787,0
15788,0
15789,1
15790,0
15791,0
15792,0
15793,0
15794,0
15795,0
15796,0
15797,1
15798,0
15799,0
15800,0
15801,0
15802,0
15803,0
15804,0
15805,0
15806,0
15807,0
15808,0
15809,0
15810,0
15811,0
15812,0
15813,0
15814,1
15815,2
15816,0
15817,2
15818,0
15819,0
15820,1
15821,1
15822,0
15823,3
15824,0
15825,0
15826,0
15827,0
15828,2
15829,0
15830,0
15831,0
15832,2
15833,0
15834,0
15835,0
15836,1
15837,0
15838,0
15839,0
15840,0
15841,1
15842,1
15843,0
15844,0
15845,1
15846,0
15847,1
15848,0
15849,0
15850,0
15851,0
15852,0
15853,0
15854,0
15855,0
15856,3
15857,0
15858,0
15859,0
15860,0
15861,0
15862,1
15863,1
15864,0
15865,0
15866,0
15867,2
15868,0
15869,0
15870,0
15871,0
15872,0
15873,1
15874,0
15875,0
15876,0
15877,0
15878,1
15879,0
15880,0
15881,0
15882,0
15883,0
15884,0
15885,1
15886,0
15887,0
15888,0
15889,0
15890,2
15891,0
15892,0
15893,0
15894,1
15895,0
15896,0
15897,0
15898,0
15899,0
15900,0
15901,0
15902,2
15903,3
15904,0
15905,0
15906,0
15907,0
15908,0
15909,3
15910,0
15911,0
15912,0
15913,0
15914,0
15915,0
15916,0
15917,0
15918,3
15919,0
15920,1
15921,0
15922,0
15923,0
15924,0
15925,0
15926,2
15927,0
15928,0
15929,0
15930,2
15931,0
15932,2
15933,0
15934,0
15935,0
15936,0
15937,0
15938,1
15939,0
15940,1
15941,0
15942,0
15943,0
15944,0
15945,0
15946,0
15947,0
15948,0
15949,1
15950,0
15951,0
15952,0
15953,0
15954,0
15955,0
15956,3
15957,1
15958,0
15959,0
15960,1
15961,0
15962,0
15963,0
15964,0
15965,0
15966,1
15967,0
15968,0
15969,0
15970,0
15971,0
15972,0
15973,0
15974,0
15975,0
15976,0
15977,0
15978,2
15979,0
15980,0
15981,0
15982,0
15983,1
15984,0
15985,1
15986,0
15987,0
15988,0
15989,0
15990,0
15991,0
15992,0
15993,0
15994,0
15995,1
15996,2
15997,0
15998,0
15999,2
16000,0
16001,0
16002,0
16003,0
16004,0
16005,0
16006,0
16007,0
16008,1
16009,0
16010,0
16011,0
16012,0
16013,0
16014,0
16015,0
16016,0
16017,0
16018,0
16019,0
16020,1
16021,0
16022,0
16023,0
16024,3
16025,0
16026,0
16027,0
16028,0
16029,0
16030,0
16031,0
16032,0
16033,0
16034,0
16035,0
16036,0
16037,0
16038,0
16039,0
16040,0
16041,0
16042,1
16043,0
16044,0
16045,0
16046,0
16047,1
16048,0
16049,0
16050,0
16051,1
16052,0
16053,1
16054,1
16055,2
16056,2
16057,0
16058,0
16059,0
16060,0
16061,0
16062,0
16063,0
16064,0
16065,0
16066,0
16067,0
16068,0
16069,0
16070,0
16071,0
16072,0
16073,0
16074,1
16075,0
16076,0
16077,1
16078,3
16079,0
16080,0
16081,0
16082,3
16083,0
16084,1
16085,2
16086,0
16087,0
16088,0
16089,0
16090,0
16091,3
16092,0
16093,1
16094,0
16095,1
16096,0
16097,0
16098,0
16099,3
16100,0
16101,0
16102,0
16103,0
16104,2
16105,0
16106,0
16107,0
16108,0
16109,0
16110,0
16111,3
16112,0
16113,1
16114,0
16115,0
16116,0
16117,0
16118,0
16119,0
16120,0
16121,0
16122,0
16123,0
16124,0
16125,1
16126,2
16127,0
16128,0
16129,3
16130,0
16131,0
16132,0
16133,0
16134,3
16135,0
16136,0
16137,0
16138,0
16139,1
16140,0
16141,0
16142,0
16143,3
16144,0
16145,0
16146,0
16147,0
16148,0
16149,0
16150,0
16151,0
16152,0
16153,0
16154,0
16155,0
16156,0
16157,1
16158,0
16159,2
16160,3
16161,0
16162,0
16163,0
16164,3
16165,2
16166,0
16167,0
16168,0
16169,0
16170,1
16171,0
16172,0
16173,0
16174,0
16175,0
16176,0
16177,0
16178,0
16179,0
16180,3
16181,0
16182,0
16183,0
16184,0
16185,0
16186,0
16187,0
16188,1
16189,0
16190,0
16191,0
16192,0
16193,0
16194,0
16195,0
16196,2
16197,0
16198,0
16199,1
16200,1
16201,1
16202,0
16203,2
16204,1
16205,1
16206,0
16207,0
16208,0
16209,2
16210,0
16211,0
16212,0
16213,1
16214,0
16215,0
16216,0
16217,0
16218,0
16219,0
16220,1
16221,0
16222,0
16223,0
16224,0
16225,3
16226,0
16227,0
16228,0
16229,0
16230,0
16231,1
16232,0
16233,0
16234,0
16235,0
16236,3
16237,0
16238,0
16239,0
16240,0
16241,2
16242,0
16243,0
16244,1
16245,0
16246,3
16247,0
16248,0
16249,0
16250,0
16251,0
16252,1
16253,0
16254,0
16255,0
16256,0
16257,0
16258,1
16259,0
16260,0
16261,0
16262,0
16263,0
16264,0
16265,0
16266,0
16267,0
16268,0
16269,0
16270,0
16271,3
16272,1
16273,1
16274,0
16275,0
16276,0
16277,0
16278,0
16279,0
16280,1
16281,1
16282,0
16283,0
16284,0
16285,3
16286,0
16287,0
16288,1
16289,1
16290,0
16291,1
16292,0
16293,0
16294,0
16295,0
16296,0
16297,0
16298,3
16299,2
16300,0
16301,1
16302,0
16303,1
16304,0
16305,0
16306,0
16307,0
16308,0
16309,0
16310,1
16311,0
16312,0
16313,0
16314,0
16315,0
16316,0
16317,0
16318,0
16319,1
16320,0
16321,0
16322,1
16323,0
16324,0
16325,1
16326,0
16327,0
16328,0
16329,0
16330,0
16331,0
16332,0
16333,0
16334,0
16335,0
16336,0
16337,2
16338,0
16339,0
16340,0
16341,0
16342,0
16343,1
16344,0
16345,0
16346,0
16347,0
16348,0
16349,1
16350,0
16351,0
16352,0
16353,2
16354,0
18753,0
18754,0
18755,0
18756,0
18757,0
18758,0
18759,2
18760,0
18761,0
18762,2
18763,0
18764,0
18765,2
18766,0
18767,0
18768,0
18769,0
18770,0
18771,0
18772,2
18773,0
18774,0
18775,2
18776,1
18777,0
18778,2
18779,0
18780,0
18781,0
18782,2
18783,1
18784,0
18785,2
18786,0
18787,2
18788,0
18789,0
18790,0
18791,0
18792,0
18793,2
18794,1
18795,0
18796,0
18797,0
18798,0
18799,2
18800,2
18801,0
18802,0
18803,2
18804,2
18805,0
18806,2
18807,2
18808,1
18809,2
18810,0
18811,1
18812,2
18813,2
18814,2
18815,0
18816,1
18817,1
18818,0
18819,1
18820,0
18821,2
18822,1
18823,0
18824,1
18825,1
18826,0
18827,2
18828,2
18829,0
18830,0
18831,1
18832,2
18833,0
18834,1
18835,2
18836,1
18837,2
18838,0
18839,0
18840,2
18841,0
18842,0
18843,0
18844,1
18845,0
18846,0
18847,2
18848,0
18849,0
18850,2
18851,0
18852,1
18853,0
18854,2
18855,0
18856,0
18857,2
18858,0
18859,0
18860,0
18861,0
18862,0
18863,2
18864,0
18865,0
18866,0
18867,0
18868,1
18869,0
18870,2
18871,0
18872,0
18873,0
18874,1
18875,0
18876,0
18877,1
18878,0
18879,0
18880,0
18881,0
18882,0
18883,0
18884,2
18885,2
18886,2
18887,2
18888,1
18889,0
18890,1
18891,2
18892,0
18893,0
18894,0
18895,0
18896,0
18897,1
18898,0
18899,1
18900,2
18901,0
18902,0
18903,2
18904,0
18905,0
18906,0
18907,2
18908,2
18909,2
18910,0
18911,0
18912,0
18913,2
18914,0
18915,0
18916,1
18917,2
18918,0
18919,1
18920,0
18921,1
18922,0
18923,0
18924,2
18925,1
18926,0
18927,0
18928,0
18929,0
18930,0
18931,0
18932,0
18933,1
18934,1
18935,0
18936,0
18937,0
18938,2
18939,0
18940,0
18941,1
18942,0
18943,0
18944,1
18945,2
18946,1
18947,0
18948,2
18949,2
18950,0
18951,0
18952,0
18953,0
18954,0
18955,0
18956,0
18957,2
18958,0
18959,0
18960,2
18961,0
18962,0
18963,2
18964,0
18965,2
18966,2
18967,0
18968,0
18969,1
18970,1
18971,0
18972,1
18973,0
18974,2
18975,2
18976,0
18977,2
18978,1
18979,2
18980,0
18981,0
18982,0
18983,0
18984,0
18985,1
18986,0
18987,0
18988,0
18989,0
18990,0
18991,0
18992,1
18993,2
18994,0
18995,1
18996,0
18997,0
18998,1
18999,0
19000,1
19001,2
19002,1
19003,2
19004,0
19005,1
19006,0
19007,0
19008,2
19009,0
19010,0
19011,0
19012,0
19013,0
19014,0
19015,2
19016,0
19017,2
19018,0
19019,1
19020,0
19021,1
19022,2
19023,0
19024,0
19025,0
19026,2
19027,0
19028,0
19029,0
19030,0
19031,2
19032,0
19033,0
19034,2
19035,0
19036,0
19037,0
19038,0
19039,2
19040,2
19041,2
19042,1
19043,0
19044,0
19045,0
19046,2
19047,0
19048,1
19049,1
19050,0
19051,1
19052,1
19053,2
19054,0
19055,0
19056,0
19057,2
19058,0
19059,1
19060,1
19061,2
19062,0
19063,0
19064,2
19065,2
19066,0
19067,0
19068,0
19069,0
19070,2
19071,0
19072,0
19073,0
19074,2
19075,0
19076,0
19077,1
19078,2
19079,0
19080,2
19081,2
19082,0
19083,0
19084,0
19085,0
19086,2
19087,0
19088,1
19089,1
19090,0
19091,0
19092,0
19093,0
19094,0
19095,2
19096,0
19097,2
19098,2
19099,0
19100,1
19101,0
19102,0
19103,0
19104,0
19105,0
19106,0
19107,2
19108,1
19109,0
19110,1
19111,2
19112,2
19113,0
19114,0
19115,2
19116,0
19117,0
19118,0
19119,2
19120,2
19121,1
19122,0
19123,2
19124,0
19125,0
19126,0
19127,2
19128,0
19129,0
19130,0
19131,1
19132,2
19133,0
19134,0
19135,0
19136,0
19137,0
19138,1
19139,0
19140,2
19141,0
19142,1
19143,0
19144,0
19145,2
19146,0
19147,0
19148,0
19149,2
19150,2
19151,0
19152,0
19153,0
19154,0
19155,1
19156,2
19157,0
19158,0
19159,0
19160,0
19161,2
19162,2
19163,2
19164,1
19165,2
19166,0
19167,2
19168,0
19169,0
19170,1
19171,1
19172,0
19173,0
19174,0
19175,0
19176,0
19177,1
19178,2
19179,0
19180,0
19181,1
19182,0
19183,0
19184,0
19185,0
19186,1
19187,2
19188,0
19189,0
19190,1
19191,0
19192,2
19193,0
19194,0
19195,2
19196,0
19197,2
19198,0
19199,0
19200,2
19201,2
19202,2
19203,2
19204,0
19205,0
19206,2
19207,2
19208,0
19209,0
19210,0
19211,1
19212,2
19213,0
19214,0
19215,0
19216,2
19217,0
19218,2
19219,0
19220,0
19221,0
19222,0
19223,2
19224,1
19225,0
19226,0
19227,2
19228,0
19229,0
19230,0
19231,0
19232,0
19233,2
19234,1
19235,1
19236,0
19237,2
19238,0
19239,0
19240,0
19241,2
19242,1
19243,0
19244,0
19245,2
19246,2
19247,1
19248,0
19249,0
19250,2
19251,0
19252,2
19253,2
19254,0
19255,2
19256,2
19257,2
19258,2
19259,2
19260,2
19261,2
19262,1
19263,2
19264,0
19265,2
19266,2
19267,2
19268,0
19269,0
19270,2
19271,2
19272,0
19273,0
19274,0
19275,2
19276,2
19277,0
19278,2
19279,0
19280,1
19281,1
19282,2
19283,0
19284,2
19285,2
19286,0
19287,2
19288,1
19289,0
19290,2
19291,0
19292,0
19293,2
19294,1
19295,2
19296,0
19297,0
19298,0
19299,1
19300,0
19301,1
19302,2
19303,2
19304,1
19305,0
19306,0
19307,0
19308,1
19309,0
19310,0
19311,0
19312,0
19313,0
19314,2
19315,0
19316,0
19317,2
19318,2
19319,2
19320,0
19321,0
19322,0
19323,0
19324,0
19325,0
19326,0
19327,2
19328,2
19329,0
19330,0
19331,2
19332,2
19333,0
19334,0
19335,0
19336,2
19337,2
19338,0
19339,0
19340,0
19341,0
19342,0
19343,0
19344,0
19345,2
19346,0
19347,0
19348,2
19349,0
19350,2
19351,2
21752,1
21753,0
21754,1
21755,2
21756,2
21757,2
21758,1
21759,1
21760,2
21761,0
21762,2
21763,0
21764,2
21765,1
21766,0
21767,0
21768,1
21769,1
21770,1
21771,0
21772,0
21773,2
21774,1
21775,0
21776,0
21777,0
21778,1
21779,1
21780,0
21781,1
21782,1
21783,1
21784,2
21785,0
21786,1
21787,2
21788,0
21789,0
21790,0
21791,0
21792,0
21793,0
21794,2
21795,2
21796,2
21797,0
21798,2
21799,2
21800,0
21801,2
21802,2
21803,2
21804,1
21805,2
21806,2
21807,1
21808,2
21809,2
21810,2
21811,2
21812,0
21813,0
21814,2
21815,2
21816,1
21817,2
21818,2
21819,2
21820,2
21821,0
21822,0
21823,0
21824,0
21825,2
21826,0
21827,0
21828,0
21829,2
21830,2
21831,2
21832,1
21833,0
21834,0
21835,1
21836,0
21837,0
21838,2
21839,0
21840,2
21841,0
21842,0
21843,1
21844,2
21845,1
21846,2
21847,2
21848,2
21849,2
21850,0
21851,0
21852,1
21853,1
21854,0
21855,2
21856,2
21857,1
21858,1
21859,2
21860,0
21861,2
21862,2
21863,1
21864,2
21865,1
21866,2
21867,2
21868,1
21869,0
21870,2
21871,2
21872,2
21873,1
21874,1
21875,2
21876,0
21877,0
21878,0
21879,0
21880,1
21881,0
21882,0
21883,2
21884,2
21885,0
21886,2
21887,1
21888,2
21889,1
21890,1
21891,2
21892,0
21893,0
21894,1
21895,1
21896,2
21897,2
21898,1
21899,2
21900,1
21901,2
21902,1
21903,0
21904,2
21905,1
21906,0
21907,0
21908,2
21909,2
21910,2
21911,2
21912,0
21913,1
21914,1
21915,2
21916,1
21917,2
21918,0
21919,2
21920,1
21921,2
21922,2
21923,0
21924,2
21925,2
21926,2
21927,2
21928,2
21929,2
21930,2
21931,1
21932,0
21933,0
21934,2
21935,1
21936,1
21937,1
21938,1
21939,0
21940,2
21941,0
21942,2
21943,1
21944,1
21945,2
21946,1
21947,2
21948,2
21949,0
21950,1
21951,0
21952,2
21953,1
21954,2
21955,0
21956,0
21957,0
21958,2
21959,0
21960,1
21961,0
21962,0
21963,0
21964,1
21965,1
21966,2
21967,0
21968,0
21969,2
21970,0
21971,0
21972,2
21973,0
21974,0
21975,0
21976,2
21977,2
21978,2
21979,0
21980,2
21981,2
21982,2
21983,2
21984,0
21985,0
21986,0
21987,1
21988,2
21989,0
21990,2
21991,2
21992,2
21993,1
21994,1
21995,2
21996,2
21997,2
21998,2
21999,2
22000,2
22001,2
22002,1
22003,2
22004,1
22005,2
22006,2
22007,2
22008,2
22009,2
22010,2
22011,0
22012,2
22013,2
22014,2
22015,2
22016,1
22017,2
22018,2
22019,2
22020,2
22021,2
22022,0
22023,0
22024,1
22025,1
22026,0
22027,2
22028,1
22029,0
22030,2
22031,2
22032,2
22033,0
22034,2
22035,2
22036,1
22037,1
22038,2
22039,1
22040,2
22041,2
22042,2
22043,2
22044,1
22045,2
22046,0
22047,0
22048,1
22049,0
22050,2
22051,2
22052,2
22053,2
22054,2
22055,2
22056,0
22057,1
22058,0
22059,1
22060,2
22061,2
22062,2
22063,0
22064,2
22065,0
22066,0
22067,2
22068,2
22069,2
22070,2
22071,2
22072,2
22073,0
22074,0
22075,2
22076,2
22077,2
22078,0
22079,1
22080,2
22081,2
22082,0
22083,2
22084,1
22085,0
22086,2
22087,0
22088,0
22089,2
22090,2
22091,2
22092,1
22093,1
22094,2
22095,1
22096,2
22097,2
22098,1
22099,2
22100,1
22101,0
22102,1
22103,1
22104,1
22105,2
22106,2
22107,2
22108,2
22109,2
22110,1
22111,2
22112,0
22113,2
22114,1
22115,2
22116,2
22117,2
22118,2
22119,2
22120,2
22121,0
22122,2
22123,1
22124,0
22125,2
22126,2
22127,2
22128,2
22129,2
22130,2
22131,2
22132,0
22133,1
22134,1
22135,1
22136,0
22137,0
22138,2
22139,0
22140,0
22141,2
22142,1
22143,1
22144,1
22145,2
22146,1
22147,0
22148,2
22149,2
22150,0
22151,1
22152,1
22153,1
22154,0
22155,2
22156,1
22157,2
22158,2
22159,2
22160,1
22161,1
22162,2
22163,2
22164,1
22165,1
22166,0
22167,0
22168,0
22169,1
22170,2
22171,0
22172,0
22173,0
22174,1
22175,1
22176,0
22177,2
22178,2
22179,0
22180,2
22181,0
22182,0
22183,2
22184,2
22185,2
22186,1
22187,1
22188,1
22189,2
22190,2
22191,2
22192,2
22193,0
22194,0
22195,0
22196,2
22197,2
22198,1
22199,2
22200,2
22201,0
22202,0
22203,2
22204,0
22205,2
22206,1
22207,1
22208,1
22209,1
22210,2
22211,2
22212,2
22213,1
22214,1
22215,2
22216,0
22217,2
22218,0
22219,1
22220,1
22221,1
22222,1
22223,2
22224,2
22225,2
22226,2
22227,2
22228,2
22229,0
22230,1
22231,1
22232,1
22233,1
22234,2
22235,1
22236,0
22237,0
22238,1
22239,0
22240,2
22241,1
22242,0
22243,1
22244,1
22245,1
22246,1
22247,1
22248,0
22249,2
22250,1
22251,2
22252,1
22253,1
22254,2
22255,0
22256,0
22257,2
22258,0
22259,0
22260,0
22261,0
22262,1
22263,0
22264,0
22265,0
22266,0
22267,2
22268,1
22269,2
22270,0
22271,0
22272,1
22273,2
22274,2
22275,0
22276,1
22277,1
22278,2
22279,2
22280,0
22281,2
22282,2
22283,2
22284,1
22285,2
22286,0
22287,2
22288,0
22289,1
22290,1
22291,2
22292,0
22293,0
22294,0
22295,2
22296,2
22297,0
22298,2
22299,2
22300,2
22301,2
22302,2
22303,2
22304,1
22305,2
22306,1
22307,1
22308,2
22309,2
22310,1
22311,2
22312,2
22313,0
22314,0
22315,0
22316,2
22317,2
22318,2
22319,0
22320,2
22321,1
22322,0
22323,2
22324,2
22325,0
22326,2
22327,0
22328,2
22329,2
22330,2
22331,1
22332,0
22333,2
22334,2
22335,0
22336,2
22337,2
22338,1
22339,2
22340,0
22341,2
22342,2
22343,0
22344,2
22345,0
22346,0
22347,0
22348,0
22349,2
22350,0
24750,0
24751,2
24752,1
24753,1
24754,2
24755,1
24756,2
24757,0
24758,1
24759,1
24760,1
24761,0
24762,1
24763,0
24764,1
24765,0
24766,1
24767,2
24768,1
24769,1
24770,2
24771,1
24772,0
24773,2
24774,1
24775,0
24776,1
24777,0
24778,0
24779,2
24780,1
24781,1
24782,2
24783,0
24784,0
24785,1
24786,2
24787,2
24788,1
24789,1
24790,1
24791,1
24792,1
24793,1
24794,2
24795,1
24796,2
24797,1
24798,1
24799,2
24800,1
24801,2
24802,1
24803,1
24804,2
24805,0
24806,2
24807,1
24808,1
24809,1
24810,2
24811,0
24812,0
24813,2
24814,2
24815,2
24816,2
24817,1
24818,2
24819,1
24820,2
24821,2
24822,0
24823,1
24824,2
24825,1
24826,0
24827,0
24828,1
24829,2
24830,1
24831,2
24832,2
24833,2
24834,1
24835,0
24836,0
24837,2
24838,1
24839,1
24840,1
24841,1
24842,0
24843,2
24844,2
24845,0
24846,1
24847,0
24848,0
24849,2
24850,2
24851,1
24852,0
24853,2
24854,0
24855,0
24856,1
24857,1
24858,1
24859,0
24860,0
24861,1
24862,1
24863,1
24864,2
24865,0
24866,1
24867,2
24868,1
24869,1
24870,2
24871,1
24872,0
24873,1
24874,1
24875,1
24876,2
24877,0
24878,2
24879,1
24880,2
24881,1
24882,1
24883,2
24884,1
24885,1
24886,1
24887,2
24888,1
24889,0
24890,1
24891,1
24892,2
24893,0
24894,1
24895,2
24896,0
24897,1
24898,1
24899,0
24900,1
24901,2
24902,0
24903,0
24904,2
24905,2
24906,1
24907,1
24908,1
24909,0
24910,2
24911,1
24912,0
24913,1
24914,1
24915,1
24916,1
24917,0
24918,1
24919,1
24920,1
24921,1
24922,1
24923,2
24924,2
24925,2
24926,1
24927,1
24928,0
24929,2
24930,2
24931,0
24932,2
24933,2
24934,1
24935,1
24936,1
24937,1
24938,2
24939,2
24940,1
24941,1
24942,2
24943,1
24944,0
24945,1
24946,1
24947,1
24948,2
24949,0
24950,2
24951,1
24952,0
24953,1
24954,1
24955,1
24956,2
24957,1
24958,2
24959,1
24960,2
24961,1
24962,1
24963,1
24964,2
24965,2
24966,0
24967,2
24968,1
24969,1
24970,1
24971,0
24972,2
24973,2
24974,2
24975,0
24976,1
24977,2
24978,1
24979,1
24980,1
24981,1
24982,1
24983,1
24984,2
24985,2
24986,2
24987,1
24988,2
24989,2
24990,2
24991,1
24992,0
24993,0
24994,1
24995,1
24996,0
24997,1
24998,1
24999,1
25000,2
25001,0
25002,1
25003,0
25004,1
25005,1
25006,1
25007,2
25008,0
25009,0
25010,1
25011,0
25012,1
25013,1
25014,1
25015,2
25016,2
25017,1
25018,1
25019,1
25020,1
25021,1
25022,1
25023,0
25024,0
25025,2
25026,2
25027,0
25028,1
25029,2
25030,1
25031,1
25032,1
25033,0
25034,1
25035,2
25036,0
25037,2
25038,1
25039,2
25040,1
25041,1
25042,0
25043,0
25044,1
25045,0
25046,2
25047,2
25048,1
25049,1
25050,1
25051,0
25052,2
25053,2
25054,2
25055,1
25056,0
25057,1
25058,1
25059,0
25060,1
25061,2
25062,1
25063,1
25064,1
25065,1
25066,1
25067,1
25068,1
25069,2
25070,1
25071,0
25072,0
25073,0
25074,2
25075,2
25076,0
25077,1
25078,0
25079,2
25080,0
25081,2
25082,0
25083,0
25084,2
25085,0
25086,0
25087,1
25088,1
25089,1
25090,1
25091,1
25092,2
25093,1
25094,1
25095,1
25096,2
25097,1
25098,2
25099,1
25100,2
25101,1
25102,2
25103,1
25104,2
25105,2
25106,0
25107,1
25108,2
25109,2
25110,1
25111,1
25112,0
25113,0
25114,2
25115,2
25116,0
25117,1
25118,0
25119,2
25120,1
25121,2
25122,1
25123,2
25124,1
25125,1
25126,1
25127,1
25128,0
25129,1
25130,1
25131,2
25132,0
25133,1
25134,2
25135,0
25136,1
25137,1
25138,2
25139,2
25140,2
25141,0
25142,2
25143,0
25144,0
25145,2
25146,0
25147,2
25148,0
25149,2
25150,1
25151,1
25152,2
25153,1
25154,0
25155,1
25156,2
25157,2
25158,1
25159,2
25160,2
25161,1
25162,1
25163,0
25164,0
25165,0
25166,2
25167,1
25168,1
25169,2
25170,2
25171,1
25172,1
25173,0
25174,1
25175,0
25176,0
25177,0
25178,1
25179,1
25180,2
25181,2
25182,1
25183,1
25184,2
25185,2
25186,2
25187,0
25188,1
25189,0
25190,0
25191,0
25192,2
25193,1
25194,2
25195,0
25196,0
25197,1
25198,2
25199,0
25200,1
25201,1
25202,2
25203,1
25204,2
25205,2
25206,0
25207,1
25208,2
25209,2
25210,1
25211,1
25212,2
25213,0
25214,2
25215,1
25216,1
25217,2
25218,0
25219,2
25220,0
25221,2
25222,1
25223,0
25224,1
25225,1
25226,0
25227,2
25228,1
25229,1
25230,1
25231,1
25232,2
25233,1
25234,0
25235,1
25236,1
25237,1
25238,1
25239,1
25240,0
25241,0
25242,1
25243,0
25244,1
25245,1
25246,2
25247,0
25248,2
25249,2
25250,2
25251,1
25252,1
25253,2
25254,1
25255,2
25256,1
25257,2
25258,2
25259,0
25260,0
25261,2
25262,2
25263,2
25264,0
25265,0
25266,2
25267,2
25268,0
25269,2
25270,2
25271,1
25272,1
25273,1
25274,1
25275,2
25276,2
25277,2
25278,1
25279,2
25280,1
25281,1
25282,1
25283,0
25284,1
25285,1
25286,1
25287,0
25288,2
25289,2
25290,1
25291,1
25292,2
25293,1
25294,2
25295,1
25296,2
25297,1
25298,2
25299,2
25300,2
25301,0
25302,1
25303,2
25304,0
25305,2
25306,0
25307,2
25308,1
25309,2
25310,2
25311,0
25312,1
25313,2
25314,2
25315,2
25316,0
25317,1
25318,2
25319,2
25320,1
25321,0
25322,0
25323,1
25324,1
25325,1
25326,2
25327,1
25328,0
25329,0
25330,0
25331,1
25332,0
25333,2
25334,1
25335,1
25336,1
25337,1
25338,1
25339,1
25340,0
25341,2
25342,1
25343,1
25344,1
25345,2
25346,1
25347,1
25348,1
27589,1
27590,0
27591,2
27592,2
27593,2
27594,2
27595,1
27596,2
27597,2
27598,0
27599,2
27600,1
27601,2
27602,2
27603,2
27604,1
27605,1
27606,0
27607,0
27608,2
27609,0
27610,2
27611,0
27612,2
27613,2
27614,1
27615,2
27616,1
27617,1
27618,1
27619,1
27620,1
27621,2
27622,2
27623,1
27624,2
27625,1
27626,1
27627,0
27628,1
27629,2
27630,0
27631,2
27632,1
27633,2
27634,2
27635,2
27636,1
27637,2
27638,0
27639,1
27640,1
27641,2
27642,2
27643,1
27644,0
27645,2
27646,2
27647,1
27648,0
27649,0
27650,2
27651,1
27652,1
27653,1
27654,1
27655,0
27656,2
27657,1
27658,1
27659,2
27660,1
27661,2
27662,2
27663,1
27664,2
27665,1
27666,0
27667,1
27668,1
27669,1
27670,2
27671,0
27672,1
27673,0
27674,0
27675,0
27676,2
27677,1
27678,1
27679,1
27680,2
27681,1
27682,0
27683,2
27684,2
27685,2
27686,2
27687,0
27688,1
27689,0
27690,1
27691,2
27692,0
27693,2
27694,1
27695,1
27696,0
27697,1
27698,1
27699,0
27700,0
27701,2
27702,1
27703,2
27704,0
27705,2
27706,2
27707,1
27708,1
27709,1
27710,2
27711,2
27712,1
27713,1
27714,0
27715,2
27716,0
27717,2
27718,2
27719,0
27720,1
27721,1
27722,0
27723,2
27724,1
27725,1
27726,0
27727,2
27728,2
27729,2
27730,0
27731,1
27732,0
27733,2
27734,2
27735,1
27736,0
27737,1
27738,1
27739,2
27740,0
27741,0
27742,2
27743,1
27744,1
27745,1
27746,2
27747,0
27748,0
27749,0
27750,0
27751,2
27752,0
27753,2
27754,0
27755,2
27756,1
27757,1
27758,1
27759,0
27760,1
27761,0
27762,1
27763,0
27764,2
27765,1
27766,0
27767,0
27768,1
27769,1
27770,1
27771,2
27772,0
27773,2
27774,0
27775,0
27776,2
27777,1
27778,2
27779,2
27780,1
27781,1
27782,0
27783,2
27784,0
27785,2
27786,2
27787,1
27788,2
27789,2
27790,1
27791,2
27792,0
27793,0
27794,0
27795,2
27796,2
27797,1
27798,2
27799,0
27800,2
27801,1
27802,1
27803,1
27804,2
27805,2
27806,2
27807,1
27808,1
27809,0
27810,2
27811,2
27812,1
27813,0
27814,1
27815,1
27816,0
27817,2
27818,0
27819,2
27820,1
27821,2
27822,2
27823,2
27824,2
27825,0
27826,2
27827,1
27828,1
27829,1
27830,1
27831,2
27832,0
27833,1
27834,0
27835,1
27836,0
27837,0
27838,2
27839,2
27840,2
27841,1
27842,2
27843,2
27844,1
27845,1
27846,1
27847,0
27848,2
27849,2
27850,1
27851,2
27852,2
27853,2
27854,2
27855,1
27856,2
27857,0
27858,2
27859,2
27860,2
27861,1
27862,2
27863,1
27864,1
27865,0
27866,1
27867,2
27868,1
27869,2
27870,2
27871,1
27872,1
27873,1
27874,2
27875,1
27876,2
27877,0
27878,1
27879,1
27880,1
27881,1
27882,1
27883,2
27884,0
27885,2
27886,1
27887,2
27888,2
27889,1
27890,2
27891,1
27892,1
27893,1
27894,2
27895,2
27896,2
27897,2
27898,2
27899,1
27900,1
27901,2
27902,2
27903,2
27904,1
27905,2
27906,1
27907,0
27908,0
27909,2
27910,2
27911,0
27912,1
27913,2
27914,1
27915,2
27916,0
27917,1
27918,2
27919,1
27920,0
27921,2
27922,1
27923,0
27924,1
27925,0
27926,0
27927,1
27928,2
27929,1
27930,1
27931,1
27932,0
27933,1
27934,1
27935,1
27936,2
27937,1
27938,1
27939,0
27940,1
27941,2
27942,0
27943,0
27944,2
27945,1
27946,2
27947,2
27948,2
27949,1
27950,2
27951,1
27952,2
27953,0
27954,1
27955,2
27956,1
27957,1
27958,1
27959,0
27960,1
27961,2
27962,0
27963,2
27964,1
27965,0
27966,1
27967,2
27968,2
27969,2
27970,0
27971,0
27972,2
27973,0
27974,2
27975,1
27976,2
27977,0
27978,2
27979,1
27980,2
27981,1
27982,2
27983,1
27984,0
27985,2
27986,0
27987,0
27988,2
27989,0
27990,2
27991,0
27992,1
27993,0
27994,2
27995,2
27996,0
27997,0
27998,2
27999,2
28000,2
28001,0
28002,1
28003,1
28004,1
28005,2
28006,0
28007,1
28008,0
28009,1
28010,0
28011,2
28012,0
28013,2
28014,0
28015,0
28016,1
28017,2
28018,2
28019,1
28020,1
28021,2
28022,2
28023,2
28024,1
28025,2
28026,0
28027,1
28028,2
28029,1
28030,2
28031,0
28032,2
28033,2
28034,1
28035,1
28036,2
28037,1
28038,2
28039,1
28040,1
28041,0
28042,2
28043,2
28044,0
28045,1
28046,2
28047,2
28048,2
28049,1
28050,0
28051,2
28052,1
28053,0
28054,2
28055,1
28056,1
28057,1
28058,1
28059,1
28060,0
28061,2
28062,2
28063,0
28064,1
28065,2
28066,0
28067,2
28068,2
28069,1
28070,2
28071,0
28072,1
28073,0
28074,2
28075,1
28076,0
28077,1
28078,2
28079,2
28080,2
28081,1
28082,2
28083,2
28084,0
28085,0
28086,2
28087,2
28088,1
28089,0
28090,2
28091,1
28092,0
28093,1
28094,0
28095,0
28096,1
28097,0
28098,2
28099,1
28100,0
28101,0
28102,1
28103,2
28104,1
28105,1
28106,2
28107,2
28108,2
28109,0
28110,2
28111,1
28112,0
28113,0
28114,2
28115,0
28116,2
28117,0
28118,2
28119,2
28120,2
28121,0
28122,1
28123,2
28124,0
28125,1
28126,1
28127,2
28128,1
28129,1
28130,1
28131,1
28132,1
28133,0
28134,0
